full_name,age,season,position,Current_Club,minutes_played_overall,minutes_played_home,minutes_played_away,goals_overall,goals_home,goals_away,goals_per_90_overall,goals_per_90_home,goals_per_90_away
Aaron Cresswell,32,2018/2019,Defender,West Ham United,1589,888,701,0,0,0,0,0,0
Aaron Lennon,35,2018/2019,Midfielder,Burnley,1217,487,730,1,1,0,0.07,0.18,0
Aaron Mooy,32,2018/2019,Midfielder,Huddersfield Town,2327,1190,1137,3,1,2,0.12,0.08,0.16
Aaron Ramsey,31,2018/2019,Midfielder,Arsenal,1327,689,638,4,2,2,0.27,0.26,0.28
Aaron Rowe,22,2018/2019,Forward,Huddersfield Town,69,14,55,0,0,0,0,0,0
Aaron Wan-Bissaka,24,2018/2019,Midfielder,Crystal Palace,3135,1605,1530,0,0,0,0,0,0
Abdelhamid Sabiri,25,2018/2019,Midfielder,Huddersfield Town,49,0,49,0,0,0,0,0,0
Abdoulaye Doucouré,29,2018/2019,Midfielder,Watford,3062,1566,1496,5,3,2,0.15,0.17,0.12
Aboubakar Kamara,27,2018/2019,Forward,Fulham,687,468,219,3,1,2,0.39,0.19,0.82
Adalberto Peñaranda Maestre,25,2018/2019,Forward,Watford,0,0,0,0,0,0,0,0,0
Adam Lallana,34,2018/2019,Midfielder,Liverpool,465,189,276,0,0,0,0,0,0
Adam Masina,28,2018/2019,Defender,Watford,1003,463,540,0,0,0,0,0,0
Adam Smith,31,2018/2019,Defender,AFC Bournemouth,2073,1051,1022,1,1,0,0.04,0.09,0
Adama Diakhaby,26,2018/2019,Forward,Huddersfield Town,551,345,206,0,0,0,0,0,0
Adama Traoré,26,2018/2019,Midfielder,Wolverhampton Wanderers,890,315,575,1,0,1,0.1,0,0.16
Ademola Lookman,25,2018/2019,Forward,Everton,601,334,267,0,0,0,0,0,0
Adrián,35,2018/2019,Goalkeeper,West Ham United,0,0,0,0,0,0,0,0,0
Adrian Mariappa,36,2018/2019,Defender,Watford,1921,841,1080,0,0,0,0,0,0
Adrien Sebastian Perruchet Silva,33,2018/2019,Midfielder,Leicester City,88,8,80,0,0,0,0,0,0
Ainsley Maitland-Niles,25,2018/2019,Midfielder,Arsenal,985,462,523,1,0,1,0.09,0,0.17
Alberto Moreno,30,2018/2019,Defender,Liverpool,155,90,65,0,0,0,0,0,0
Aleksandar Mitrović,28,2018/2019,Forward,Fulham,3282,1616,1666,11,8,3,0.3,0.45,0.16
Alex Iwobi,26,2018/2019,Forward,Arsenal,1972,742,1230,3,1,2,0.14,0.12,0.15
Alex McCarthy,32,2018/2019,Goalkeeper,Southampton,2250,1170,1080,0,0,0,0,0,0
Alex Oxlade-Chamberlain,29,2018/2019,Midfielder,Liverpool,19,19,0,0,0,0,0,0,0
Alex Pritchard,29,2018/2019,Midfielder,Huddersfield Town,2092,992,1100,2,1,1,0.09,0.09,0.08
Alex Smithies,32,2018/2019,Goalkeeper,Cardiff City,0,0,0,0,0,0,0,0,0
Alexander Sørloth,26,2018/2019,Forward,Crystal Palace,173,121,52,0,0,0,0,0,0
Alexandre Lacazette,31,2018/2019,Forward,Arsenal,2503,1403,1100,13,9,4,0.47,0.58,0.33
Alexandre Nascimento Costa Silva,25,2018/2019,Forward,West Ham United,17,0,17,0,0,0,0,0,0
Alexis Sanchez,33,2018/2019,Forward,Manchester United,877,387,490,1,1,0,0.1,0.23,0
Alfie Jones,25,2018/2019,Defender,Southampton,0,0,0,0,0,0,0,0,0
Alfie Mawson,28,2018/2019,Defender,Fulham,1131,547,584,0,0,0,0,0,0
Alfie Whiteman,24,2018/2019,Goalkeeper,Tottenham Hotspur,0,0,0,0,0,0,0,0,0
Ali Koiki,22,2018/2019,Defender,Burnley,0,0,0,0,0,0,0,0,0
Alireza Jahanbakhsh,29,2018/2019,Forward,Brighton & Hove Albion,1022,494,528,0,0,0,0,0,0
Alisson Becker,30,2018/2019,Goalkeeper,Liverpool,3420,1710,1710,0,0,0,0,0,0
Alvaro Morata,30,2018/2019,Forward,Chelsea,943,530,413,5,3,2,0.48,0.51,0.44
Ander Herrera,33,2018/2019,Midfielder,Manchester United,1404,617,787,2,0,2,0.13,0,0.23
André Gomes,29,2018/2019,Midfielder,Everton,1986,972,1014,1,1,0,0.05,0.09,0
Andre Gray,31,2018/2019,Forward,Watford,1358,809,549,7,5,2,0.46,0.56,0.33
André Schürrle,31,2018/2019,Midfielder,Fulham,1650,829,821,6,3,3,0.33,0.33,0.33
André-Frank Zambo Anguissa,26,2018/2019,Midfielder,Fulham,1518,587,931,0,0,0,0,0,0
Andreas Christensen,26,2018/2019,Defender,Chelsea,615,360,255,0,0,0,0,0,0
Andreas Pereira,26,2018/2019,Midfielder,Manchester United,595,521,74,1,1,0,0.15,0.17,0
Andrew Robertson,28,2018/2019,Defender,Liverpool,3219,1599,1620,0,0,0,0,0,0
Andrew Surman,36,2018/2019,Midfielder,AFC Bournemouth,1438,526,912,0,0,0,0,0,0
Andriy Yarmolenko,33,2018/2019,Forward,West Ham United,459,269,190,2,0,2,0.39,0,0.95
Andros Townsend,31,2018/2019,Midfielder,Crystal Palace,3018,1571,1447,6,2,4,0.18,0.11,0.25
Andy Carroll,33,2018/2019,Forward,West Ham United,454,180,274,0,0,0,0,0,0
Angel Gomes,22,2018/2019,Midfielder,Manchester United,25,25,0,0,0,0,0,0,0
Angelo Ogbonna,34,2018/2019,Defender,West Ham United,1870,956,914,1,1,0,0.05,0.09,0
Angus Gunn,26,2018/2019,Goalkeeper,Southampton,1080,540,540,0,0,0,0,0,0
Anthony Driscoll-Glennon,22,2018/2019,Defender,Burnley,0,0,0,0,0,0,0,0,0
Anthony Knockaert,30,2018/2019,Midfielder,Brighton & Hove Albion,1832,982,850,2,1,1,0.1,0.09,0.11
Anthony Martial,26,2018/2019,Forward,Manchester United,1623,743,880,10,4,6,0.55,0.48,0.61
Antonio Barreca,27,2018/2019,Defender,Newcastle United,4,0,4,0,0,0,0,0,0
Antonio Rüdiger,29,2018/2019,Defender,Chelsea,2874,1350,1524,1,1,0,0.03,0.07,0
Antonio Valencia,37,2018/2019,Defender,Manchester United,466,196,270,0,0,0,0,0,0
Arijanet Muric,23,2018/2019,Goalkeeper,Manchester City,0,0,0,0,0,0,0,0,0
Aron Einar Gunnarsson,33,2018/2019,Midfielder,Cardiff City,2274,1240,1034,1,1,0,0.04,0.07,0
Arthur Masuaku,28,2018/2019,Defender,West Ham United,1756,822,934,0,0,0,0,0,0
Artur Boruc,42,2018/2019,Goalkeeper,AFC Bournemouth,1080,540,540,0,0,0,0,0,0
Ashley Barnes,32,2018/2019,Forward,Burnley,2400,1307,1093,12,6,6,0.45,0.41,0.49
Ashley Westwood,32,2018/2019,Midfielder,Burnley,2822,1530,1292,2,0,2,0.06,0,0.14
Ashley Young,37,2018/2019,Midfielder,Manchester United,2568,1207,1361,2,1,1,0.07,0.07,0.07
Asmir Begović,35,2018/2019,Goalkeeper,AFC Bournemouth,2160,1080,1080,0,0,0,0,0,0
Aymeric Laporte,28,2018/2019,Defender,Manchester City,3057,1526,1531,3,0,3,0.09,0,0.18
Ayoze Perez,29,2018/2019,Forward,Newcastle United,2929,1526,1403,12,9,3,0.37,0.53,0.19
Bakary Sako,34,2018/2019,Midfielder,Crystal Palace,25,8,17,0,0,0,0,0,0
Ben Chilwell,25,2018/2019,Defender,Leicester City,3240,1620,1620,0,0,0,0,0,0
Ben Davies,29,2018/2019,Defender,Tottenham Hotspur,1839,916,923,0,0,0,0,0,0
Ben Foster,39,2018/2019,Goalkeeper,Watford,3420,1710,1710,0,0,0,0,0,0
Ben Gibson,29,2018/2019,Defender,Burnley,63,63,0,1,1,0,1.43,1.43,0
Ben Hamer,34,2018/2019,Goalkeeper,Huddersfield Town,553,283,270,0,0,0,0,0,0
Ben Johnson,22,2018/2019,Forward,West Ham United,63,0,63,0,0,0,0,0,0
Ben Mee,33,2018/2019,Defender,Burnley,3420,1710,1710,0,0,0,0,0,0
Ben White,25,2018/2019,Defender,Brighton & Hove Albion,0,0,0,0,0,0,0,0,0
Ben Wilmot,23,2018/2019,Defender,Watford,26,0,26,0,0,0,0,0,0
Benjamin Mendy,28,2018/2019,Defender,Manchester City,900,450,450,0,0,0,0,0,0
Beram Kayal,34,2018/2019,Midfielder,Brighton & Hove Albion,934,494,440,1,0,1,0.1,0,0.2
Bernard Anício Caldeira Duarte,30,2018/2019,Midfielder,Everton,2128,960,1168,1,0,1,0.04,0,0.08
Bernardo,27,2018/2019,Defender,Brighton & Hove Albion,1750,990,760,0,0,0,0,0,0
Bernardo Silva,28,2018/2019,Midfielder,Manchester City,2853,1470,1383,7,2,5,0.22,0.12,0.33
Bernd Leno,30,2018/2019,Goalkeeper,Arsenal,2835,1395,1440,0,0,0,0,0,0
Bobby Reid,29,2018/2019,Midfielder,Cardiff City,1422,725,697,5,4,1,0.32,0.5,0.13
Brian Murphy,39,2018/2019,Goalkeeper,Cardiff City,0,0,0,0,0,0,0,0,0
Bright Enobakhare,24,2018/2019,Forward,Wolverhampton Wanderers,0,0,0,0,0,0,0,0,0
Bruno Écuélé Manga,34,2018/2019,Defender,Cardiff City,3375,1710,1665,0,0,0,0,0,0
Bruno Saltor Grau,42,2018/2019,Defender,Brighton & Hove Albion,1136,534,602,0,0,0,0,0,0
Caglar Söyüncü,26,2018/2019,Defender,Leicester City,371,191,180,0,0,0,0,0,0
Callum Hudson-Odoi,21,2018/2019,Midfielder,Chelsea,391,267,124,0,0,0,0,0,0
Callum Paterson,28,2018/2019,Defender,Cardiff City,1996,1024,972,4,3,1,0.18,0.26,0.09
Callum Roberts,25,2018/2019,Forward,Newcastle United,0,0,0,0,0,0,0,0,0
Callum Slattery,23,2018/2019,Midfielder,Southampton,110,6,104,0,0,0,0,0,0
Callum Wilson,30,2018/2019,Forward,AFC Bournemouth,2535,1324,1211,14,5,9,0.5,0.34,0.67
Calum Chambers,27,2018/2019,Defender,Fulham,2587,1458,1129,2,2,0,0.07,0.12,0
Cameron John,23,2018/2019,Defender,Wolverhampton Wanderers,0,0,0,0,0,0,0,0,0
Carl Jenkinson,30,2018/2019,Defender,Arsenal,166,166,0,0,0,0,0,0,0
Carlos Sánchez,36,2018/2019,Midfielder,West Ham United,240,120,120,0,0,0,0,0,0
Cedric Soares,31,2018/2019,Defender,Southampton,1494,651,843,1,1,0,0.06,0.14,0
Cenk Tosun,31,2018/2019,Forward,Everton,1050,536,514,3,2,1,0.26,0.34,0.18
Cesar Azpilicueta,33,2018/2019,Defender,Chelsea,3403,1693,1710,1,0,1,0.03,0,0.05
Cesc Fabregas,35,2018/2019,Midfielder,Chelsea,175,73,102,0,0,0,0,0,0
Charlie Austin,33,2018/2019,Forward,Southampton,980,454,526,2,1,1,0.18,0.2,0.17
Charlie Daniels,36,2018/2019,Defender,AFC Bournemouth,1583,803,780,1,1,0,0.06,0.11,0
Charlie Taylor,29,2018/2019,Defender,Burnley,3240,1636,1604,0,0,0,0,0,0
Cheikhou Kouyaté,32,2018/2019,Midfielder,Crystal Palace,1897,865,1032,0,0,0,0,0,0
Chris Löwe,33,2018/2019,Defender,Huddersfield Town,2056,932,1124,0,0,0,0,0,0
Chris Mepham,24,2018/2019,Defender,AFC Bournemouth,849,436,413,0,0,0,0,0,0
Chris Smalling,32,2018/2019,Defender,Manchester United,2128,1138,990,1,0,1,0.04,0,0.09
Chris Wood,30,2018/2019,Forward,Burnley,2582,1330,1252,10,4,6,0.35,0.27,0.43
Christian Atsu Twasam,30,2018/2019,Midfielder,Newcastle United,1487,710,777,1,1,0,0.06,0.13,0
Christian Benteke,31,2018/2019,Forward,Crystal Palace,813,526,287,1,0,1,0.11,0,0.31
Christian Eriksen,30,2018/2019,Midfielder,Tottenham Hotspur,2772,1457,1315,8,6,2,0.26,0.37,0.14
Christian Fuchs,36,2018/2019,Defender,Leicester City,206,90,116,0,0,0,0,0,0
Christian Kabasele,31,2018/2019,Defender,Watford,1587,957,630,0,0,0,0,0,0
Christopher Schindler,32,2018/2019,Defender,Huddersfield Town,3262,1642,1620,1,0,1,0.03,0,0.06
Ciaran Clark,33,2018/2019,Defender,Newcastle United,857,416,441,3,1,2,0.32,0.22,0.41
Claudio Bravo,39,2018/2019,Goalkeeper,Manchester City,0,0,0,0,0,0,0,0,0
Collin Quaner,31,2018/2019,Forward,Huddersfield Town,37,9,28,0,0,0,0,0,0
Connor Wickham,29,2018/2019,Forward,Crystal Palace,61,49,12,0,0,0,0,0,0
Conor Coady,29,2018/2019,Midfielder,Wolverhampton Wanderers,3420,1710,1710,0,0,0,0,0,0
Conor Coventry,22,2018/2019,Midfielder,West Ham United,0,0,0,0,0,0,0,0,0
Craig Cathcart,33,2018/2019,Defender,Watford,3099,1561,1538,3,1,2,0.09,0.06,0.12
Curtis Jones,21,2018/2019,Midfielder,Liverpool,0,0,0,0,0,0,0,0,0
Cyrus Christie,30,2018/2019,Defender,Fulham,1943,1053,890,0,0,0,0,0,0
Dale Stephens,33,2018/2019,Midfielder,Brighton & Hove Albion,2487,1191,1296,1,0,1,0.04,0,0.07
Dan Burn,30,2018/2019,Defender,Brighton & Hove Albion,0,0,0,0,0,0,0,0,0
Dan Gosling,32,2018/2019,Midfielder,AFC Bournemouth,1737,911,826,2,0,2,0.1,0,0.22
Daniel Amartey,27,2018/2019,Midfielder,Leicester City,640,307,333,0,0,0,0,0,0
Daniel Sturridge,33,2018/2019,Forward,Liverpool,496,152,344,2,1,1,0.36,0.59,0.26
Daniel Williams,33,2018/2019,Midfielder,Huddersfield Town,93,13,80,0,0,0,0,0,0
Danilo,31,2018/2019,Defender,Manchester City,806,450,356,1,0,1,0.11,0,0.25
Danny Drinkwater,32,2018/2019,Midfielder,Chelsea,0,0,0,0,0,0,0,0,0
Danny Ings,30,2018/2019,Forward,Southampton,1668,922,746,7,3,4,0.38,0.29,0.48
Danny Rose,32,2018/2019,Defender,Tottenham Hotspur,1806,969,837,0,0,0,0,0,0
Danny Simpson,35,2018/2019,Defender,Leicester City,291,26,265,0,0,0,0,0,0
Danny Ward,29,2018/2019,Goalkeeper,Leicester City,0,0,0,0,0,0,0,0,0
Danny Ward,31,2018/2019,Forward,Cardiff City,440,246,194,1,1,0,0.2,0.37,0
Danny Welbeck,31,2018/2019,Forward,Arsenal,147,47,100,1,1,0,0.61,1.91,0
Daryl Janmaat,33,2018/2019,Defender,Watford,1521,836,685,0,0,0,0,0,0
David Brooks,25,2018/2019,Forward,AFC Bournemouth,2278,1289,989,7,4,3,0.28,0.28,0.27
David Button,33,2018/2019,Goalkeeper,Brighton & Hove Albion,360,180,180,0,0,0,0,0,0
David de Gea,31,2018/2019,Goalkeeper,Manchester United,3420,1710,1710,0,0,0,0,0,0
David Junior Hoilett,32,2018/2019,Forward,Cardiff City,2142,1008,1134,3,2,1,0.13,0.18,0.08
David Luiz,35,2018/2019,Defender,Chelsea,3239,1709,1530,3,3,0,0.08,0.16,0
David Silva,36,2018/2019,Midfielder,Manchester City,2411,1088,1323,6,4,2,0.22,0.33,0.14
Davide Zappacosta,30,2018/2019,Defender,Chelsea,125,35,90,0,0,0,0,0,0
Davinson Sánchez,26,2018/2019,Defender,Tottenham Hotspur,1943,873,1070,1,1,0,0.05,0.1,0
Davy Pröpper,31,2018/2019,Midfielder,Brighton & Hove Albion,2551,1371,1180,1,0,1,0.04,0,0.08
DeAndre Yedlin,29,2018/2019,Defender,Newcastle United,2475,1313,1162,1,0,1,0.04,0,0.08
Declan Rice,23,2018/2019,Midfielder,West Ham United,3005,1440,1565,2,2,0,0.06,0.13,0
Dejan Lovren,33,2018/2019,Defender,Liverpool,985,540,445,1,1,0,0.09,0.17,0
Dele Alli,26,2018/2019,Midfielder,Tottenham Hotspur,1827,755,1072,5,1,4,0.25,0.12,0.34
Demarai Gray,26,2018/2019,Midfielder,Leicester City,1992,1069,923,4,1,3,0.18,0.08,0.29
Demeaco Duhaney,24,2018/2019,Defender,Huddersfield Town,46,46,0,0,0,0,0,0,0
Denis Odoi,34,2018/2019,Defender,Fulham,2593,1153,1440,0,0,0,0,0,0
Denis Suárez,28,2018/2019,Midfielder,Arsenal,67,29,38,0,0,0,0,0,0
Diego Rico,29,2018/2019,Defender,AFC Bournemouth,607,148,459,0,0,0,0,0,0
Diogo Dalot,23,2018/2019,Defender,Manchester United,1015,525,490,0,0,0,0,0,0
Diogo José Teixeira da Silva,25,2018/2019,Midfielder,Wolverhampton Wanderers,2371,1210,1161,9,7,2,0.34,0.52,0.16
Divock Origi,27,2018/2019,Forward,Liverpool,366,176,190,3,2,1,0.74,1.02,0.47
Domingos Quina,22,2018/2019,Midfielder,Watford,335,217,118,1,1,0,0.27,0.41,0
Dominic Calvert-Lewin,25,2018/2019,Forward,Everton,1774,1023,751,6,3,3,0.3,0.26,0.36
Dominic Solanke,25,2018/2019,Forward,AFC Bournemouth,341,165,176,0,0,0,0,0,0
Dwight McNeil,22,2018/2019,Forward,Burnley,1599,941,658,3,3,0,0.17,0.29,0
Eden Hazard,31,2018/2019,Midfielder,Chelsea,2926,1527,1399,16,11,5,0.49,0.65,0.32
Ederson,29,2018/2019,Goalkeeper,Manchester City,3420,1710,1710,0,0,0,0,0,0
Edward Nketiah,23,2018/2019,Forward,Arsenal,62,4,58,1,0,1,1.45,0,1.55
Elias Kachunga,30,2018/2019,Forward,Huddersfield Town,1181,611,570,0,0,0,0,0,0
Emerson Hyndman,26,2018/2019,Midfielder,AFC Bournemouth,37,0,37,0,0,0,0,0,0
Emerson Palmieri,28,2018/2019,Defender,Chelsea,660,360,300,0,0,0,0,0,0
Emile Smith Rowe,22,2018/2019,Midfielder,Arsenal,0,0,0,0,0,0,0,0,0
Emiliano Martínez,30,2018/2019,Goalkeeper,Arsenal,0,0,0,0,0,0,0,0,0
Eric Bailly,28,2018/2019,Defender,Manchester United,637,349,288,0,0,0,0,0,0
Eric Dier,28,2018/2019,Midfielder,Tottenham Hotspur,1510,674,836,3,2,1,0.18,0.27,0.11
Erik Durm,30,2018/2019,Defender,Huddersfield Town,2052,869,1183,0,0,0,0,0,0
Erik Lamela,30,2018/2019,Midfielder,Tottenham Hotspur,971,493,478,4,1,3,0.37,0.18,0.56
Ethan Ampadu,22,2018/2019,Midfielder,Chelsea,0,0,0,0,0,0,0,0,0
Étienne Capoue,34,2018/2019,Midfielder,Watford,2947,1518,1429,1,0,1,0.03,0,0.06
Fabián Balbuena,31,2018/2019,Defender,West Ham United,2014,934,1080,1,0,1,0.04,0,0.08
Fabian Delph,32,2018/2019,Midfielder,Manchester City,725,266,459,0,0,0,0,0,0
Fabian Schär,30,2018/2019,Defender,Newcastle United,2002,1173,829,4,3,1,0.18,0.23,0.11
Fabinho,29,2018/2019,Midfielder,Liverpool,2013,1051,962,1,1,0,0.04,0.09,0
Fabricio Martín Agosto Ramírez,34,2018/2019,Goalkeeper,Fulham,180,90,90,0,0,0,0,0,0
Faustino Marcos Alberto Rojo,32,2018/2019,Defender,Manchester United,211,211,0,0,0,0,0,0,0
Federico Fernández,33,2018/2019,Defender,Newcastle United,1484,607,877,0,0,0,0,0,0
Felipe Anderson,29,2018/2019,Midfielder,West Ham United,3054,1439,1615,9,4,5,0.27,0.25,0.28
Fernandinho,37,2018/2019,Midfielder,Manchester City,2381,1286,1095,1,1,0,0.04,0.07,0
Fernando Llorente Torres,37,2018/2019,Forward,Tottenham Hotspur,683,508,175,1,1,0,0.13,0.18,0
Florent Hadergjonaj,28,2018/2019,Defender,Huddersfield Town,1840,1011,829,0,0,0,0,0,0
Florian Lejeune,31,2018/2019,Defender,Newcastle United,1055,515,540,0,0,0,0,0,0
Florin Andone,29,2018/2019,Forward,Brighton & Hove Albion,874,416,458,3,2,1,0.31,0.43,0.2
Floyd Ayité,33,2018/2019,Midfielder,Fulham,465,296,169,1,0,1,0.19,0,0.53
Fousseni Diabaté,27,2018/2019,Midfielder,Leicester City,55,0,55,0,0,0,0,0,0
Fraser Forster,34,2018/2019,Goalkeeper,Southampton,90,0,90,0,0,0,0,0,0
Fred,29,2018/2019,Midfielder,Manchester United,1045,577,468,1,1,0,0.09,0.16,0
Freddie Woodman,25,2018/2019,Goalkeeper,Newcastle United,0,0,0,0,0,0,0,0,0
Gabriel Jesus,25,2018/2019,Forward,Manchester City,1019,702,317,7,5,2,0.62,0.64,0.57
Gaëtan Bong Songo,34,2018/2019,Defender,Brighton & Hove Albion,1805,720,1085,0,0,0,0,0,0
Gary Cahill,36,2018/2019,Defender,Chelsea,22,1,21,0,0,0,0,0,0
Gary Madine,32,2018/2019,Forward,Cardiff City,32,17,15,0,0,0,0,0,0
George Marsh,23,2018/2019,Midfielder,Tottenham Hotspur,0,0,0,0,0,0,0,0,0
Georges-Kevin N'Koudou Mbida,27,2018/2019,Forward,Tottenham Hotspur,4,0,4,0,0,0,0,0,0
Georginio Wijnaldum,31,2018/2019,Midfielder,Liverpool,2735,1413,1322,3,1,2,0.1,0.06,0.14
Gerard Deulofeu,28,2018/2019,Forward,Watford,2082,949,1133,10,3,7,0.43,0.28,0.56
Glenn Murray,39,2018/2019,Forward,Brighton & Hove Albion,2513,1383,1130,13,8,5,0.47,0.52,0.4
Gonzalo Higuain,34,2018/2019,Forward,Chelsea,1092,496,596,5,4,1,0.41,0.73,0.15
Grady Diangana,24,2018/2019,Midfielder,West Ham United,604,326,278,0,0,0,0,0,0
Granit Xhaka,30,2018/2019,Midfielder,Arsenal,2502,1317,1185,4,2,2,0.14,0.14,0.15
Greg Cunningham,31,2018/2019,Defender,Cardiff City,630,450,180,0,0,0,0,0,0
Gylfi Sigurdsson,33,2018/2019,Midfielder,Everton,3134,1602,1532,13,7,6,0.37,0.39,0.35
Hamza Choudhury,25,2018/2019,Midfielder,Leicester City,596,308,288,0,0,0,0,0,0
Harry Arter,32,2018/2019,Midfielder,Cardiff City,2008,1186,822,0,0,0,0,0,0
Harry Kane,29,2018/2019,Forward,Tottenham Hotspur,2427,1066,1361,17,6,11,0.63,0.51,0.73
Harry Maguire,29,2018/2019,Defender,Leicester City,2599,1350,1249,3,0,3,0.1,0,0.22
Harry Winks,26,2018/2019,Midfielder,Tottenham Hotspur,1591,832,759,1,0,1,0.06,0,0.12
Harvey Barnes,24,2018/2019,Midfielder,Leicester City,1007,601,406,1,0,1,0.09,0,0.22
Håvard Nordtveit,32,2018/2019,Midfielder,Fulham,361,90,271,0,0,0,0,0,0
Hector Bellerin,27,2018/2019,Defender,Arsenal,1535,882,653,0,0,0,0,0,0
Hélder Wander Sousa Azevedo Costa,28,2018/2019,Midfielder,Wolverhampton Wanderers,1345,657,688,1,0,1,0.07,0,0.13
Henrikh Mkhitaryan,33,2018/2019,Midfielder,Arsenal,1643,650,993,6,3,3,0.33,0.42,0.27
Heung-Min Son,30,2018/2019,Forward,Tottenham Hotspur,2048,1161,887,12,8,4,0.53,0.62,0.41
Heurelho da Silva Gomes,41,2018/2019,Goalkeeper,Watford,0,0,0,0,0,0,0,0,0
Hugo Lloris,35,2018/2019,Goalkeeper,Tottenham Hotspur,2970,1620,1350,0,0,0,0,0,0
Ibrahima Cissé,28,2018/2019,Midfielder,Fulham,87,9,78,0,0,0,0,0,0
Idrissa Gueye,33,2018/2019,Midfielder,Everton,2825,1407,1418,0,0,0,0,0,0
İlkay Gündoğan,32,2018/2019,Midfielder,Manchester City,2135,985,1150,6,4,2,0.25,0.37,0.16
Isaac Hayden,27,2018/2019,Midfielder,Newcastle United,1886,904,982,1,0,1,0.05,0,0.09
Isaac Mbenza,26,2018/2019,Forward,Huddersfield Town,981,589,392,1,1,0,0.09,0.15,0
Isaac Success,26,2018/2019,Forward,Watford,1037,461,576,1,1,0,0.09,0.2,0
Issa Diop,25,2018/2019,Defender,West Ham United,2970,1530,1440,1,1,0,0.03,0.06,0
Ivan Ricardo Neves Abreu Cavaleiro,29,2018/2019,Forward,Wolverhampton Wanderers,683,331,352,3,2,1,0.4,0.54,0.26
Jack Cork,33,2018/2019,Midfielder,Burnley,3313,1693,1620,1,1,0,0.03,0.05,0
Jack Simpson,25,2018/2019,Defender,AFC Bournemouth,403,240,163,0,0,0,0,0,0
Jack Stephens,28,2018/2019,Defender,Southampton,1697,816,881,1,1,0,0.05,0.11,0
Jack Wilshere,30,2018/2019,Midfielder,West Ham United,389,181,208,0,0,0,0,0,0
Jacob Murphy,27,2018/2019,Midfielder,Newcastle United,300,167,133,0,0,0,0,0,0
Jaïro Riedewald,26,2018/2019,Defender,Crystal Palace,0,0,0,0,0,0,0,0,0
Jamaal Lascelles,28,2018/2019,Defender,Newcastle United,2748,1308,1440,0,0,0,0,0,0
James Garner,21,2018/2019,Defender,Manchester United,0,0,0,0,0,0,0,0,0
James Maddison,25,2018/2019,Midfielder,Leicester City,2850,1535,1315,7,3,4,0.22,0.18,0.27
James McArthur,35,2018/2019,Midfielder,Crystal Palace,3071,1506,1565,3,1,2,0.09,0.06,0.12
James McCarthy,31,2018/2019,Midfielder,Everton,14,14,0,0,0,0,0,0,0
James Milner,36,2018/2019,Midfielder,Liverpool,1785,646,1139,5,0,5,0.25,0,0.4
James Tarkowski,29,2018/2019,Defender,Burnley,3087,1620,1467,3,2,1,0.09,0.11,0.06
James Tomkins,33,2018/2019,Defender,Crystal Palace,2563,1140,1423,1,0,1,0.04,0,0.06
James Ward-Prowse,27,2018/2019,Midfielder,Southampton,1942,942,1000,7,5,2,0.32,0.48,0.18
Jamie Sterry,26,2018/2019,Defender,Newcastle United,0,0,0,0,0,0,0,0,0
Jamie Vardy,35,2018/2019,Forward,Leicester City,2735,1418,1317,18,8,10,0.59,0.51,0.68
Jan Bednarek,26,2018/2019,Defender,Southampton,2151,1126,1025,0,0,0,0,0,0
Jan Vertonghen,35,2018/2019,Defender,Tottenham Hotspur,1915,884,1031,1,0,1,0.05,0,0.09
Jannik Vestergaard,30,2018/2019,Defender,Southampton,2030,1130,900,0,0,0,0,0,0
Jason Puncheon,36,2018/2019,Midfielder,Huddersfield Town,391,248,143,0,0,0,0,0,0
Jason Steele,32,2018/2019,Goalkeeper,Brighton & Hove Albion,0,0,0,0,0,0,0,0,0
Javier Hernandez,34,2018/2019,Forward,West Ham United,1335,694,641,7,5,2,0.47,0.65,0.28
Javier Manquillo,28,2018/2019,Defender,Newcastle United,1097,503,594,0,0,0,0,0,0
Jayson Molumby,23,2018/2019,Midfielder,Brighton & Hove Albion,0,0,0,0,0,0,0,0,0
Jazz Richards,31,2018/2019,Defender,Cardiff City,128,52,76,0,0,0,0,0,0
Jean Michau00ebl Seri,31,2018/2019,Midfielder,Fulham,2252,1112,1140,1,1,0,0.04,0.08,0
Jeff Hendrick,30,2018/2019,Midfielder,Burnley,2069,898,1171,3,1,2,0.13,0.1,0.15
Jefferson Lerma,28,2018/2019,Midfielder,AFC Bournemouth,2511,1319,1192,2,0,2,0.07,0,0.15
Jeffrey Schlupp,29,2018/2019,Defender,Crystal Palace,1665,849,816,4,1,3,0.22,0.11,0.33
Jermain Defoe,40,2018/2019,Forward,AFC Bournemouth,21,0,21,0,0,0,0,0,0
Jesse Lingard,29,2018/2019,Midfielder,Manchester United,1668,963,705,4,1,3,0.22,0.09,0.38
João Moutinho,36,2018/2019,Midfielder,Wolverhampton Wanderers,3040,1532,1508,1,0,1,0.03,0,0.06
Joe Bennett,32,2018/2019,Defender,Cardiff City,2641,1142,1499,0,0,0,0,0,0
Joe Bryan,29,2018/2019,Defender,Fulham,2350,1214,1136,0,0,0,0,0,0
Joe Daniel Tupper,24,2018/2019,Goalkeeper,Crystal Palace,0,0,0,0,0,0,0,0,0
Joe Gomez,25,2018/2019,Defender,Liverpool,1060,493,567,0,0,0,0,0,0
Joe Hart,35,2018/2019,Goalkeeper,Burnley,1710,810,900,0,0,0,0,0,0
Joe Powell,24,2018/2019,Forward,West Ham United,0,0,0,0,0,0,0,0,0
Joe Ralls,29,2018/2019,Midfielder,Cardiff City,1959,847,1112,0,0,0,0,0,0
Joel Coleman,27,2018/2019,Goalkeeper,Huddersfield Town,90,0,90,0,0,0,0,0,0
Joel Matip,31,2018/2019,Defender,Liverpool,1532,811,721,1,1,0,0.06,0.11,0
Joel Ward,32,2018/2019,Defender,Crystal Palace,551,191,360,1,1,0,0.16,0.47,0
Johann Berg Guðmunds­son,32,2018/2019,Midfielder,Burnley,1748,847,901,3,0,3,0.15,0,0.3
John Ruddy,36,2018/2019,Goalkeeper,Wolverhampton Wanderers,90,90,0,0,0,0,0,0,0
John Stones,28,2018/2019,Defender,Manchester City,1762,968,794,0,0,0,0,0,0
Jon Gorenc Stankovič,26,2018/2019,Defender,Huddersfield Town,718,218,500,1,0,1,0.13,0,0.18
Jonas Lössl,33,2018/2019,Goalkeeper,Huddersfield Town,2777,1427,1350,0,0,0,0,0,0
Jonathan Hogg,33,2018/2019,Midfielder,Huddersfield Town,2377,1294,1083,0,0,0,0,0,0
Jonathan Walters,39,2018/2019,Forward,Burnley,0,0,0,0,0,0,0,0,0
Jonjo Shelvey,30,2018/2019,Midfielder,Newcastle United,944,403,541,1,0,1,0.1,0,0.17
Jonjoe Kenny,25,2018/2019,Defender,Everton,790,413,377,0,0,0,0,0,0
Jonny,28,2018/2019,Defender,Wolverhampton Wanderers,2780,1269,1511,1,1,0,0.03,0.07,0
Jonny Evans,34,2018/2019,Defender,Leicester City,1995,1074,921,1,1,0,0.05,0.08,0
Jordan Ayew,31,2018/2019,Forward,Crystal Palace,1186,616,570,1,0,1,0.08,0,0.16
Jordan Henderson,32,2018/2019,Midfielder,Liverpool,1983,925,1058,1,0,1,0.05,0,0.09
Jordan Pickford,28,2018/2019,Goalkeeper,Everton,3420,1710,1710,0,0,0,0,0,0
Jordon Ibe,26,2018/2019,Midfielder,AFC Bournemouth,795,334,461,1,0,1,0.11,0,0.2
Jorginho,30,2018/2019,Midfielder,Chelsea,3165,1621,1544,2,0,2,0.06,0,0.12
José Holebas,38,2018/2019,Defender,Watford,2394,1224,1170,3,2,1,0.11,0.15,0.08
Jose Izquierdo,30,2018/2019,Forward,Brighton & Hove Albion,794,365,429,0,0,0,0,0,0
Joselu,32,2018/2019,Forward,Newcastle United,586,308,278,2,2,0,0.31,0.58,0
Joseph Willock,23,2018/2019,Midfielder,Arsenal,64,0,64,0,0,0,0,0,0
Josh Benson,22,2018/2019,Midfielder,Burnley,0,0,0,0,0,0,0,0,0
Josh Knight,25,2018/2019,Defender,Leicester City,0,0,0,0,0,0,0,0,0
Josh Murphy,27,2018/2019,Forward,Cardiff City,1825,1123,702,3,2,1,0.15,0.16,0.13
Joshua King,30,2018/2019,Forward,AFC Bournemouth,2974,1563,1411,12,9,3,0.36,0.52,0.19
Joshua Sims,25,2018/2019,Midfielder,Southampton,209,139,70,0,0,0,0,0,0
Juan Foyth,24,2018/2019,Defender,Tottenham Hotspur,930,450,480,1,0,1,0.1,0,0.19
Juan Mata,34,2018/2019,Midfielder,Manchester United,1294,833,461,3,3,0,0.21,0.32,0
Julián Speroni,43,2018/2019,Goalkeeper,Crystal Palace,90,0,90,0,0,0,0,0,0
Juninho Bacuna,25,2018/2019,Midfielder,Huddersfield Town,1414,722,692,1,0,1,0.06,0,0.13
Junior Stanislas,32,2018/2019,Midfielder,AFC Bournemouth,1027,559,468,2,1,1,0.18,0.16,0.19
Jürgen Locadia,28,2018/2019,Forward,Brighton & Hove Albion,1227,590,637,2,2,0,0.15,0.31,0
Kadeem Harris,29,2018/2019,Midfielder,Cardiff City,366,133,233,1,1,0,0.25,0.68,0
Karl Darlow,32,2018/2019,Goalkeeper,Newcastle United,0,0,0,0,0,0,0,0,0
Karlan Ahearne-Grant,24,2018/2019,Forward,Huddersfield Town,874,331,543,4,2,2,0.41,0.54,0.33
Kasper Schmeichel,35,2018/2019,Goalkeeper,Leicester City,3420,1710,1710,0,0,0,0,0,0
Kayne Ramsey,22,2018/2019,Midfielder,Southampton,90,90,0,0,0,0,0,0,0
Kazaiah Sterling,23,2018/2019,Forward,Tottenham Hotspur,0,0,0,0,0,0,0,0,0
Kelechi Iheanacho,26,2018/2019,Forward,Leicester City,926,408,518,1,1,0,0.1,0.22,0
Kelland Watts,23,2018/2019,Midfielder,Newcastle United,0,0,0,0,0,0,0,0,0
Ken Sema,29,2018/2019,Midfielder,Watford,755,301,454,1,0,1,0.12,0,0.2
Kenneth Dahrup Zohorè,28,2018/2019,Forward,Cardiff City,746,388,358,1,0,1,0.12,0,0.25
Kepa Arrizabalaga,28,2018/2019,Goalkeeper,Chelsea,3240,1620,1620,0,0,0,0,0,0
Kevin De Bruyne,31,2018/2019,Midfielder,Manchester City,974,477,497,2,2,0,0.18,0.38,0
Kevin Long,32,2018/2019,Defender,Burnley,513,90,423,0,0,0,0,0,0
Kevin McDonald,33,2018/2019,Midfielder,Fulham,842,399,443,0,0,0,0,0,0
Ki Sung-yueng,33,2018/2019,Midfielder,Newcastle United,1302,824,478,0,0,0,0,0,0
Kieran Dowell,25,2018/2019,Midfielder,Everton,0,0,0,0,0,0,0,0,0
Kieran Trippier,32,2018/2019,Defender,Tottenham Hotspur,2278,1188,1090,1,1,0,0.04,0.08,0
Kiko Femenía,31,2018/2019,Midfielder,Watford,2045,1011,1034,1,1,0,0.04,0.09,0
Konstantinos Mavropanos,24,2018/2019,Defender,Arsenal,150,46,104,0,0,0,0,0,0
Kortney Hause,27,2018/2019,Defender,Wolverhampton Wanderers,0,0,0,0,0,0,0,0,0
Kurt Zouma,28,2018/2019,Defender,Everton,2610,1350,1260,2,1,1,0.07,0.07,0.07
Kyle Taylor,23,2018/2019,Midfielder,AFC Bournemouth,0,0,0,0,0,0,0,0,0
Kyle Walker,32,2018/2019,Defender,Manchester City,2777,1245,1532,1,1,0,0.03,0.07,0
Kyle Walker-Peters,25,2018/2019,Defender,Tottenham Hotspur,374,272,102,0,0,0,0,0,0
Laurent Depoitre,33,2018/2019,Forward,Huddersfield Town,1059,446,613,0,0,0,0,0,0
Laurent Koscielny,37,2018/2019,Defender,Arsenal,1328,484,844,3,2,1,0.2,0.37,0.11
Lazar Marković,28,2018/2019,Midfielder,Fulham,44,0,44,0,0,0,0,0,0
Leander Dendoncker,27,2018/2019,Midfielder,Wolverhampton Wanderers,1469,635,834,2,1,1,0.12,0.14,0.11
Leandro Bacuna,31,2018/2019,Midfielder,Cardiff City,554,302,252,0,0,0,0,0,0
Lee Grant,39,2018/2019,Goalkeeper,Manchester United,0,0,0,0,0,0,0,0,0
Lee Peltier,35,2018/2019,Defender,Cardiff City,1542,521,1021,0,0,0,0,0,0
Leighton Baines,37,2018/2019,Defender,Everton,376,141,235,0,0,0,0,0,0
Leon Balogun,34,2018/2019,Defender,Brighton & Hove Albion,591,309,282,1,1,0,0.15,0.29,0
Leonardo Bonatini Lohner Maia,28,2018/2019,Forward,Wolverhampton Wanderers,128,61,67,0,0,0,0,0,0
Leroy Sané,26,2018/2019,Midfielder,Manchester City,1867,1024,843,10,5,5,0.48,0.44,0.53
Lewis Cass,22,2018/2019,Defender,Newcastle United,0,0,0,0,0,0,0,0,0
Lewis Cook,25,2018/2019,Midfielder,AFC Bournemouth,721,381,340,0,0,0,0,0,0
Lewis Dunk,30,2018/2019,Defender,Brighton & Hove Albion,3153,1550,1603,2,0,2,0.06,0,0.11
Loïc Damour,31,2018/2019,Midfielder,Cardiff City,21,4,17,0,0,0,0,0,0
Loris Karius,29,2018/2019,Goalkeeper,Liverpool,0,0,0,0,0,0,0,0,0
Luca de la Torre,24,2018/2019,Midfielder,Fulham,0,0,0,0,0,0,0,0,0
Lucas Digne,29,2018/2019,Defender,Everton,2990,1511,1479,4,2,2,0.12,0.12,0.12
Lucas Moura,30,2018/2019,Midfielder,Tottenham Hotspur,2127,1040,1087,10,6,4,0.42,0.52,0.33
Lucas Perez,34,2018/2019,Forward,West Ham United,468,287,181,3,3,0,0.58,0.94,0
Lucas Torreira,26,2018/2019,Midfielder,Arsenal,2377,1231,1146,2,2,0,0.08,0.15,0
Luciano Vietto,28,2018/2019,Forward,Fulham,983,549,434,1,1,0,0.09,0.16,0
Luka Milivojević,31,2018/2019,Midfielder,Crystal Palace,3420,1710,1710,12,7,5,0.32,0.37,0.26
Luke Amos,25,2018/2019,Midfielder,Tottenham Hotspur,2,0,2,0,0,0,0,0,0
Luke Dreher,23,2018/2019,Midfielder,Crystal Palace,0,0,0,0,0,0,0,0,0
Luke Shaw,27,2018/2019,Defender,Manchester United,2592,1170,1422,1,1,0,0.03,0.08,0
Lys Mousset,26,2018/2019,Forward,AFC Bournemouth,345,96,249,1,0,1,0.26,0,0.36
Maarten Stekelenburg,40,2018/2019,Goalkeeper,Everton,0,0,0,0,0,0,0,0,0
Mamadou Sakho,32,2018/2019,Defender,Crystal Palace,2417,1170,1247,0,0,0,0,0,0
Manolo Gabbiadini,30,2018/2019,Forward,Southampton,470,253,217,1,1,0,0.19,0.36,0
Manuel Lanzini,29,2018/2019,Midfielder,West Ham United,688,367,321,1,0,1,0.13,0,0.28
Marc Albrighton,32,2018/2019,Midfielder,Leicester City,1626,797,829,2,1,1,0.11,0.11,0.11
Marc Guehi,22,2018/2019,Defender,Chelsea,0,0,0,0,0,0,0,0,0
Marc Navarro Ceciliano,27,2018/2019,Defender,Watford,84,0,84,0,0,0,0,0,0
Marc Pugh,35,2018/2019,Midfielder,AFC Bournemouth,0,0,0,0,0,0,0,0,0
Marcos Alonso,31,2018/2019,Defender,Chelsea,2761,1338,1423,2,1,1,0.07,0.07,0.06
Marcus Bettinelli,30,2018/2019,Goalkeeper,Fulham,630,270,360,0,0,0,0,0,0
Marcus Rashford,25,2018/2019,Forward,Manchester United,2362,1293,1069,10,4,6,0.38,0.28,0.51
Mario Lemina,29,2018/2019,Midfielder,Southampton,1615,763,852,1,0,1,0.06,0,0.11
Mark Noble,35,2018/2019,Midfielder,West Ham United,2308,1147,1161,5,2,3,0.19,0.16,0.23
Mark Travers,23,2018/2019,Goalkeeper,AFC Bournemouth,180,90,90,0,0,0,0,0,0
Marko Arnautović,33,2018/2019,Forward,West Ham United,2000,1083,917,10,7,3,0.45,0.58,0.29
Markus Suttner,35,2018/2019,Defender,Brighton & Hove Albion,0,0,0,0,0,0,0,0,0
Marouane Fellaini,34,2018/2019,Midfielder,Manchester United,744,217,527,0,0,0,0,0,0
Martin Dúbravka,33,2018/2019,Goalkeeper,Newcastle United,3420,1710,1710,0,0,0,0,0,0
Martin Kelly,32,2018/2019,Defender,Crystal Palace,1110,660,450,0,0,0,0,0,0
Martín Montoya,31,2018/2019,Defender,Brighton & Hove Albion,2166,1176,990,0,0,0,0,0,0
Mason Greenwood,21,2018/2019,Midfielder,Manchester United,115,105,10,0,0,0,0,0,0
Mason Holgate,26,2018/2019,Defender,Everton,407,270,137,0,0,0,0,0,0
Matěj Vydra,30,2018/2019,Forward,Burnley,311,91,220,1,1,0,0.29,0.99,0
Mateo Kovačić,28,2018/2019,Midfielder,Chelsea,1743,968,775,0,0,0,0,0,0
Mathew Ryan,30,2018/2019,Goalkeeper,Brighton & Hove Albion,3060,1530,1530,0,0,0,0,0,0
Mathias Jørgensen,32,2018/2019,Defender,Huddersfield Town,2148,1248,900,3,1,2,0.13,0.07,0.2
Matt Butcher,25,2018/2019,Midfielder,AFC Bournemouth,0,0,0,0,0,0,0,0,0
Matt Doherty,30,2018/2019,Defender,Wolverhampton Wanderers,3147,1557,1590,4,1,3,0.11,0.06,0.17
Matt Ritchie,33,2018/2019,Midfielder,Newcastle United,2940,1557,1383,2,1,1,0.06,0.06,0.07
Matt Targett,27,2018/2019,Defender,Southampton,1185,483,702,1,1,0,0.08,0.19,0
Matteo Darmian,32,2018/2019,Defender,Manchester United,443,353,90,0,0,0,0,0,0
Matteo Guendouzi,23,2018/2019,Midfielder,Arsenal,2143,971,1172,0,0,0,0,0,0
Matthew Connolly,35,2018/2019,Defender,Cardiff City,0,0,0,0,0,0,0,0,0
Matthew Lowton,33,2018/2019,Defender,Burnley,1748,810,938,0,0,0,0,0,0
Matty Daly,21,2018/2019,Midfielder,Huddersfield Town,73,49,24,0,0,0,0,0,0
Max Harrison Sanders,23,2018/2019,Midfielder,Brighton & Hove Albion,0,0,0,0,0,0,0,0,0
Max Kilman,25,2018/2019,Defender,Wolverhampton Wanderers,0,0,0,0,0,0,0,0,0
Max Meyer,27,2018/2019,Midfielder,Crystal Palace,1414,718,696,1,0,1,0.06,0,0.13
Maxime Le Marchand,33,2018/2019,Defender,Fulham,2251,1171,1080,0,0,0,0,0,0
Maya Yoshida,34,2018/2019,Defender,Southampton,1520,800,720,0,0,0,0,0,0
Mesut Özil,34,2018/2019,Midfielder,Arsenal,1741,1139,602,5,4,1,0.26,0.32,0.15
Michael Keane,29,2018/2019,Defender,Everton,2970,1350,1620,1,0,1,0.03,0,0.06
Michael Obafemi,22,2018/2019,Forward,Southampton,134,64,70,1,0,1,0.67,0,1.29
Michail Antonio,32,2018/2019,Midfielder,West Ham United,2099,998,1101,6,4,2,0.26,0.36,0.16
Michel Vorm,39,2018/2019,Goalkeeper,Tottenham Hotspur,180,90,90,0,0,0,0,0,0
Michy Batshuayi,29,2018/2019,Forward,Crystal Palace,756,368,388,5,2,3,0.6,0.49,0.7
Miguel Almirón,28,2018/2019,Midfielder,Newcastle United,763,405,358,0,0,0,0,0,0
Miguel Ángel Britos Cabrera,37,2018/2019,Defender,Watford,185,13,172,0,0,0,0,0,0
Mohamed Diamé,35,2018/2019,Midfielder,Newcastle United,2165,960,1205,0,0,0,0,0,0
Mohamed Elneny,30,2018/2019,Midfielder,Arsenal,381,214,167,0,0,0,0,0,0
Mohamed Elyounoussi,28,2018/2019,Midfielder,Southampton,790,393,397,0,0,0,0,0,0
Mohamed Salah,30,2018/2019,Forward,Liverpool,3262,1692,1570,22,13,9,0.61,0.69,0.52
Morgan Gibbs-White,22,2018/2019,Midfielder,Wolverhampton Wanderers,647,426,221,0,0,0,0,0,0
Morgan Schneiderlin,32,2018/2019,Midfielder,Everton,833,473,360,0,0,0,0,0,0
Moussa Dembele,35,2018/2019,Midfielder,Tottenham Hotspur,516,161,355,0,0,0,0,0,0
Moussa Sissoko,33,2018/2019,Midfielder,Tottenham Hotspur,2336,1187,1149,0,0,0,0,0,0
N'Golo Kanté,31,2018/2019,Midfielder,Chelsea,3096,1579,1517,4,2,2,0.12,0.11,0.12
Naby Keïta,27,2018/2019,Midfielder,Liverpool,1392,729,663,2,1,1,0.13,0.12,0.14
Nacho Monreal,36,2018/2019,Defender,Arsenal,1861,781,1080,1,1,0,0.05,0.12,0
Nampalys Mendy,30,2018/2019,Midfielder,Leicester City,2088,1006,1082,0,0,0,0,0,0
Nathan Aké,27,2018/2019,Defender,AFC Bournemouth,3412,1710,1702,4,3,1,0.11,0.16,0.05
Nathan Holland,24,2018/2019,Midfielder,West Ham United,0,0,0,0,0,0,0,0,0
Nathan Redmond,28,2018/2019,Midfielder,Southampton,3276,1633,1643,6,4,2,0.16,0.22,0.11
Nathaniel Chalobah,27,2018/2019,Midfielder,Watford,266,67,199,0,0,0,0,0,0
Nathaniel Clyne,31,2018/2019,Defender,AFC Bournemouth,1254,684,570,0,0,0,0,0,0
Nathaniel Mendez-Laing,30,2018/2019,Midfielder,Cardiff City,984,442,542,4,0,4,0.37,0,0.66
Neeskens Kebano,30,2018/2019,Midfielder,Fulham,103,74,29,0,0,0,0,0,0
Neil Leonard Dula Etheridge,32,2018/2019,Goalkeeper,Cardiff City,3420,1710,1710,0,0,0,0,0,0
Nemanja Matić,34,2018/2019,Midfielder,Manchester United,2441,1051,1390,1,1,0,0.04,0.09,0
Nicolas Otamendi,34,2018/2019,Defender,Manchester City,1233,682,551,0,0,0,0,0,0
Nikola Tavares,23,2018/2019,Defender,Crystal Palace,0,0,0,0,0,0,0,0,0
Nnamdi Ofoborh,22,2018/2019,Midfielder,AFC Bournemouth,0,0,0,0,0,0,0,0,0
Oleksandr Zinchenko,25,2018/2019,Midfielder,Manchester City,1153,613,540,0,0,0,0,0,0
Oliver Skipp,22,2018/2019,Midfielder,Tottenham Hotspur,216,191,25,0,0,0,0,0,0
Olivier Giroud,36,2018/2019,Forward,Chelsea,832,446,386,2,1,1,0.22,0.2,0.23
Oriol Romeu,31,2018/2019,Midfielder,Southampton,2140,1110,1030,1,1,0,0.04,0.08,0
Oumar Niasse,32,2018/2019,Forward,Cardiff City,998,435,563,0,0,0,0,0,0
Pablo Zabaleta,37,2018/2019,Defender,West Ham United,2092,1216,876,0,0,0,0,0,0
Pape N'Diaye Souaré,32,2018/2019,Defender,Crystal Palace,0,0,0,0,0,0,0,0,0
Pascal Groß,31,2018/2019,Midfielder,Brighton & Hove Albion,1878,993,885,3,2,1,0.14,0.18,0.1
Patrick van Aanholt,32,2018/2019,Defender,Crystal Palace,3198,1703,1495,3,2,1,0.08,0.11,0.06
Paul Dummett,31,2018/2019,Defender,Newcastle United,1986,979,1007,0,0,0,0,0,0
Paul Pogba,29,2018/2019,Midfielder,Manchester United,3011,1517,1494,13,10,3,0.39,0.59,0.18
Paulo Gazzaniga,30,2018/2019,Goalkeeper,Tottenham Hotspur,270,0,270,0,0,0,0,0,0
Pedro Obiang,30,2018/2019,Midfielder,West Ham United,1121,609,512,0,0,0,0,0,0
Pedro Rodriguez,35,2018/2019,Midfielder,Chelsea,1780,958,822,8,6,2,0.4,0.56,0.22
Peter Crouch,41,2018/2019,Forward,Burnley,86,56,30,0,0,0,0,0,0
Petr Čech,40,2018/2019,Goalkeeper,Arsenal,585,315,270,0,0,0,0,0,0
Phil Bardsley,37,2018/2019,Defender,Burnley,1672,900,772,0,0,0,0,0,0
Phil Foden,22,2018/2019,Midfielder,Manchester City,327,279,48,1,1,0,0.28,0.32,0
Phil Jagielka,40,2018/2019,Defender,Everton,329,95,234,1,1,0,0.27,0.95,0
Phil Jones,30,2018/2019,Defender,Manchester United,1263,652,611,0,0,0,0,0,0
Philip Billing,26,2018/2019,Midfielder,Huddersfield Town,2192,1106,1086,2,1,1,0.08,0.08,0.08
Philippe Sandler,25,2018/2019,Defender,Manchester City,0,0,0,0,0,0,0,0,0
Pierre-Emerick Aubameyang,33,2018/2019,Forward,Arsenal,2731,1418,1313,22,13,9,0.73,0.83,0.62
Pierre-Emile Højbjerg,27,2018/2019,Midfielder,Southampton,2764,1416,1348,4,2,2,0.13,0.13,0.13
Rachid Ghezzal,30,2018/2019,Forward,Leicester City,738,455,283,1,1,0,0.12,0.2,0
Rafael Euclides Soares Camacho,22,2018/2019,Midfielder,Liverpool,0,0,0,0,0,0,0,0,0
Raheem Sterling,27,2018/2019,Forward,Manchester City,2777,1256,1521,17,12,5,0.55,0.86,0.3
Rajiv van La Parra,31,2018/2019,Midfielder,Huddersfield Town,407,168,239,0,0,0,0,0,0
Ramadan Sobhi,25,2018/2019,Forward,Huddersfield Town,75,30,45,0,0,0,0,0,0
Raúl Jiménez,31,2018/2019,Forward,Wolverhampton Wanderers,3124,1648,1476,13,8,5,0.37,0.44,0.3
Rhys Healey,27,2018/2019,Forward,Cardiff City,49,17,32,0,0,0,0,0,0
Ricardo Pereira,29,2018/2019,Defender,Leicester City,3125,1526,1599,2,2,0,0.06,0.12,0
Richarlison,25,2018/2019,Forward,Everton,2679,1283,1396,13,7,6,0.44,0.49,0.39
Riyad Mahrez,31,2018/2019,Midfielder,Manchester City,1339,647,692,7,1,6,0.47,0.14,0.78
Rob Holding,27,2018/2019,Defender,Arsenal,807,501,306,0,0,0,0,0,0
Robbie Brady,30,2018/2019,Midfielder,Burnley,715,390,325,0,0,0,0,0,0
Robert Kenedy Nunes do Nascimento,26,2018/2019,Midfielder,Newcastle United,1344,611,733,1,0,1,0.07,0,0.12
Robert Snodgrass,35,2018/2019,Midfielder,West Ham United,2222,1108,1114,2,1,1,0.08,0.08,0.08
Roberto Firmino,31,2018/2019,Forward,Liverpool,2620,1347,1273,12,7,5,0.41,0.47,0.35
Roberto Pereyra,31,2018/2019,Forward,Watford,2825,1467,1358,6,5,1,0.19,0.31,0.07
Romain Saïss,32,2018/2019,Midfielder,Wolverhampton Wanderers,1144,544,600,2,1,1,0.16,0.17,0.15
Romelu Lukaku,29,2018/2019,Forward,Manchester United,2130,982,1148,12,4,8,0.51,0.37,0.63
Rondon,33,2018/2019,Forward,Newcastle United,2609,1343,1266,11,6,5,0.38,0.4,0.36
Ross Barkley,28,2018/2019,Midfielder,Chelsea,1241,432,809,3,1,2,0.22,0.21,0.22
Ruben Loftus-Cheek,26,2018/2019,Midfielder,Chelsea,983,507,476,6,3,3,0.55,0.53,0.57
Rúben Neves,25,2018/2019,Midfielder,Wolverhampton Wanderers,3009,1451,1558,4,3,1,0.12,0.19,0.06
Ruben Vinagre,23,2018/2019,Defender,Wolverhampton Wanderers,703,514,189,0,0,0,0,0,0
Rui Patrício,34,2018/2019,Goalkeeper,Wolverhampton Wanderers,3330,1620,1710,0,0,0,0,0,0
Ryan Bennett,32,2018/2019,Defender,Wolverhampton Wanderers,3060,1710,1350,1,1,0,0.03,0.05,0
Ryan Bertrand,33,2018/2019,Defender,Southampton,2160,1170,990,1,1,0,0.04,0.08,0
Ryan Fraser,28,2018/2019,Midfielder,AFC Bournemouth,3173,1605,1568,7,5,2,0.2,0.28,0.11
Ryan Fredericks,30,2018/2019,Midfielder,West Ham United,1085,404,681,1,1,0,0.08,0.22,0
Ryan Giles,22,2018/2019,Midfielder,Wolverhampton Wanderers,0,0,0,0,0,0,0,0,0
Ryan Guno Babel,35,2018/2019,Forward,Fulham,1260,668,592,5,3,2,0.36,0.4,0.3
Ryan Schofield,22,2018/2019,Goalkeeper,Huddersfield Town,0,0,0,0,0,0,0,0,0
Ryan Sessegnon,22,2018/2019,Defender,Fulham,2298,1095,1203,2,1,1,0.08,0.08,0.07
Sadio Mané,30,2018/2019,Forward,Liverpool,3086,1643,1443,22,18,4,0.64,0.99,0.25
Sam Gallagher,27,2018/2019,Forward,Southampton,30,7,23,0,0,0,0,0,0
Sam Surridge,24,2018/2019,Forward,AFC Bournemouth,11,0,11,0,0,0,0,0,0
Sam Vokes,33,2018/2019,Forward,Burnley,913,455,458,3,2,1,0.3,0.4,0.2
Sam Woods,24,2018/2019,Defender,Crystal Palace,0,0,0,0,0,0,0,0,0
Samir Nasri,35,2018/2019,Midfielder,West Ham United,246,102,144,0,0,0,0,0,0
Sandro Ramirez,27,2018/2019,Forward,Everton,0,0,0,0,0,0,0,0,0
Scott Dann,35,2018/2019,Defender,Crystal Palace,660,360,300,0,0,0,0,0,0
Scott McTominay,25,2018/2019,Midfielder,Manchester United,861,345,516,2,0,2,0.21,0,0.35
Sead Kolašinac,29,2018/2019,Defender,Arsenal,1891,1127,764,0,0,0,0,0,0
Séamus Coleman,34,2018/2019,Defender,Everton,2560,1333,1227,2,2,0,0.07,0.14,0
Sean Longstaff,25,2018/2019,Midfielder,Newcastle United,688,355,333,1,1,0,0.13,0.25,0
Sean Morrison,31,2018/2019,Defender,Cardiff City,3040,1600,1440,1,0,1,0.03,0,0.06
Sebastian Prödl,35,2018/2019,Defender,Watford,13,0,13,0,0,0,0,0,0
Serge Aurier,29,2018/2019,Defender,Tottenham Hotspur,564,136,428,0,0,0,0,0,0
Sergio Aguero,34,2018/2019,Forward,Manchester City,2480,1125,1355,21,15,6,0.76,1.2,0.4
Sergio Rico,29,2018/2019,Goalkeeper,Fulham,2610,1350,1260,0,0,0,0,0,0
Sergio Romero,35,2018/2019,Goalkeeper,Manchester United,0,0,0,0,0,0,0,0,0
Shane Duffy,30,2018/2019,Defender,Brighton & Hove Albion,3088,1558,1530,5,2,3,0.15,0.12,0.18
Shane Long,35,2018/2019,Forward,Southampton,1269,629,640,5,3,2,0.35,0.43,0.28
Shinji Okazaki,36,2018/2019,Forward,Leicester City,269,126,143,0,0,0,0,0,0
Shkodran Mustafi,30,2018/2019,Defender,Arsenal,2617,1263,1354,2,0,2,0.07,0,0.13
Simon Francis,37,2018/2019,Defender,AFC Bournemouth,1226,675,551,0,0,0,0,0,0
Simon Mignolet,34,2018/2019,Goalkeeper,Liverpool,0,0,0,0,0,0,0,0,0
Sokratis Papastathopoulos,34,2018/2019,Defender,Arsenal,2199,1119,1080,1,0,1,0.04,0,0.08
Solly March,28,2018/2019,Midfielder,Brighton & Hove Albion,2473,1153,1320,1,1,0,0.04,0.08,0
Souleymane Bamba,37,2018/2019,Defender,Cardiff City,2475,1260,1215,4,2,2,0.15,0.14,0.15
Stefan Marius Johansen,31,2018/2019,Midfielder,Fulham,412,130,282,0,0,0,0,0,0
Stefano Okaka,33,2018/2019,Forward,Watford,22,9,13,0,0,0,0,0,0
Stephan Lichtsteiner,38,2018/2019,Defender,Arsenal,940,408,532,0,0,0,0,0,0
Stephen Ward,37,2018/2019,Defender,Burnley,230,74,156,0,0,0,0,0,0
Steve Cook,31,2018/2019,Defender,AFC Bournemouth,2787,1350,1437,1,0,1,0.03,0,0.06
Steve Mounié,28,2018/2019,Forward,Huddersfield Town,1777,1009,768,2,2,0,0.1,0.18,0
Steven Davis,37,2018/2019,Midfielder,Southampton,96,6,90,0,0,0,0,0,0
Steven Defour,34,2018/2019,Midfielder,Burnley,452,172,280,0,0,0,0,0,0
Stuart Armstrong,30,2018/2019,Midfielder,Southampton,1432,469,963,3,1,2,0.19,0.19,0.19
Sullay Kaikai,27,2018/2019,Midfielder,Crystal Palace,0,0,0,0,0,0,0,0,0
Tahith Chong,22,2018/2019,Forward,Manchester United,36,0,36,0,0,0,0,0,0
Terence Kongolo,28,2018/2019,Defender,Huddersfield Town,2722,1405,1317,1,0,1,0.03,0,0.07
Theo Walcott,33,2018/2019,Forward,Everton,2122,1114,1008,5,3,2,0.21,0.24,0.18
Tim Ream,35,2018/2019,Defender,Fulham,2051,943,1108,0,0,0,0,0,0
Timothy Eyoma,22,2018/2019,Defender,Tottenham Hotspur,0,0,0,0,0,0,0,0,0
Timothy Fosu-Mensah,24,2018/2019,Defender,Fulham,795,499,296,0,0,0,0,0,0
Toby Alderweireld,33,2018/2019,Defender,Tottenham Hotspur,2924,1549,1375,0,0,0,0,0,0
Tom Cairney,31,2018/2019,Midfielder,Fulham,2198,1107,1091,1,1,0,0.04,0.08,0
Tom Cleverley,33,2018/2019,Midfielder,Watford,470,102,368,1,0,1,0.19,0,0.24
Tom Davies,24,2018/2019,Midfielder,Everton,975,520,455,0,0,0,0,0,0
Tom Heaton,36,2018/2019,Goalkeeper,Burnley,1710,900,810,0,0,0,0,0,0
Tom Smith,30,2018/2019,Defender,Huddersfield Town,1141,431,710,0,0,0,0,0,0
Trent Alexander-Arnold,24,2018/2019,Defender,Liverpool,2467,1266,1201,1,0,1,0.04,0,0.07
Troy Deeney,34,2018/2019,Forward,Watford,2548,1298,1250,9,3,6,0.32,0.21,0.43
Tyias Browning,28,2018/2019,Defender,Everton,0,0,0,0,0,0,0,0,0
Tyreke Johnson,24,2018/2019,Defender,Southampton,0,0,0,0,0,0,0,0,0
Tyrone Mings,29,2018/2019,Defender,AFC Bournemouth,141,7,134,0,0,0,0,0,0
Vicente Guaita,35,2018/2019,Goalkeeper,Crystal Palace,1755,1035,720,0,0,0,0,0,0
Vicente Iborra De La Fuente,34,2018/2019,Midfielder,Leicester City,226,152,74,0,0,0,0,0,0
Víctor Camarasa,28,2018/2019,Midfielder,Cardiff City,2579,1267,1312,5,4,1,0.17,0.28,0.07
Victor Lindelöf,28,2018/2019,Defender,Manchester United,2602,1112,1490,1,1,0,0.03,0.08,0
Victor Moses,31,2018/2019,Midfielder,Chelsea,26,17,9,0,0,0,0,0,0
Victor Wanyama,31,2018/2019,Midfielder,Tottenham Hotspur,509,302,207,1,1,0,0.18,0.3,0
Viktor Gyökeres,24,2018/2019,Forward,Brighton & Hove Albion,0,0,0,0,0,0,0,0,0
Vincent Janssen,28,2018/2019,Forward,Tottenham Hotspur,36,36,0,0,0,0,0,0,0
Vincent Kompany,36,2018/2019,Defender,Manchester City,1223,561,662,1,1,0,0.07,0.16,0
Virgil van Dijk,31,2018/2019,Defender,Liverpool,3385,1675,1710,4,2,2,0.11,0.11,0.11
Wayne Hennessey,35,2018/2019,Goalkeeper,Crystal Palace,1575,675,900,0,0,0,0,0,0
Wes Morgan,38,2018/2019,Defender,Leicester City,1926,783,1143,3,1,2,0.14,0.11,0.16
Wesley Hoedt,28,2018/2019,Defender,Southampton,1170,540,630,0,0,0,0,0,0
Wilfred Ndidi,25,2018/2019,Midfielder,Leicester City,3299,1624,1675,2,2,0,0.05,0.11,0
Wilfried Zaha,29,2018/2019,Midfielder,Crystal Palace,3041,1347,1694,10,1,9,0.3,0.07,0.48
Will Hughes,27,2018/2019,Midfielder,Watford,2436,1251,1185,2,1,1,0.07,0.07,0.08
Will Norris,29,2018/2019,Goalkeeper,Wolverhampton Wanderers,0,0,0,0,0,0,0,0,0
Willian,34,2018/2019,Forward,Chelsea,2108,833,1275,3,2,1,0.13,0.22,0.07
Willy Boly,31,2018/2019,Defender,Wolverhampton Wanderers,3169,1530,1639,4,2,2,0.11,0.12,0.11
Willy Caballero,41,2018/2019,Goalkeeper,Chelsea,180,90,90,0,0,0,0,0,0
Xherdan Shaqiri,31,2018/2019,Midfielder,Liverpool,1058,538,520,6,5,1,0.51,0.84,0.17
Yan Valery,23,2018/2019,Defender,Southampton,1715,1070,645,2,1,1,0.1,0.08,0.14
Yerry Mina,28,2018/2019,Defender,Everton,890,360,530,1,0,1,0.1,0,0.17
Yoshinori Muto,30,2018/2019,Forward,Newcastle United,516,180,336,1,0,1,0.17,0,0.27
Youri Tielemans,25,2018/2019,Midfielder,Leicester City,1092,575,517,3,2,1,0.25,0.31,0.17
Yves Bissouma,26,2018/2019,Midfielder,Brighton & Hove Albion,1769,747,1022,0,0,0,0,0,0
Zechariah Medley,22,2018/2019,Defender,Arsenal,0,0,0,0,0,0,0,0,0
Zeze  Steven Sessegnon,22,2018/2019,Defender,Fulham,0,0,0,0,0,0,0,0,0
Łukasz Fabiański,37,2018/2019,Goalkeeper,West Ham United,3420,1710,1710,0,0,0,0,0,0
